{
	"procedural": true,
	"culling": false,
	"items_main": ["right_arm_item"],
	"items_off": ["left_arm_item"],
	"scale": [0.9375, 0.9375, 0.9375],
	"sneaking_pose": {
	    "static": false,
	    "pose": {
	        "head": {
	            "r2": [0.0, 0.0, 0.0],
	            "r": [0.0, 0.0, 0.0],
	            "s": [1.0, 1.0, 1.0],
	            "t": [0.0, -4.2, 0.0],
	            "fix": 0.0
	        },
	        "left_leg": {
	            "r2": [0.0, 0.0, 0.0],
	            "r": [0.0, 0.0, 0.0],
	            "s": [1.0, 1.0, 1.0],
	            "t": [0.0, -0.2, 4.0],
	            "fix": 0.0
	        },
	        "right_arm": {
	            "r2": [0.0, 0.0, 0.0],
	            "r": [-0.39999452, 0.0, 0.0],
	            "s": [1.0, 1.0, 1.0],
	            "t": [0.0, -3.2, 0.0],
	            "fix": 0.0
	        },
	        "torso": {
	            "r2": [0.0, 0.0, 0.0],
	            "r": [-0.50000197, 0.0, 0.0],
	            "s": [1.0, 1.0, 1.0],
	            "t": [0.0, -3.2, 0.0],
	            "fix": 0.0
	        },
	        "right_leg": {
	            "r2": [0.0, 0.0, 0.0],
	            "r": [0.0, 0.0, 0.0],
	            "s": [1.0, 1.0, 1.0],
	            "t": [0.0, -0.2, 4.0],
	            "fix": 0.0
	        },
	        "left_arm": {
	            "r2": [0.0, 0.0, 0.0],
	            "r": [-0.39999452, 0.0, 0.0],
	            "s": [1.0, 1.0, 1.0],
	            "t": [0.0, -3.2, 0.0],
	            "fix": 0.0
	        }
	    }
	}
}